--
-- 添加数据 'adminuser'
--

INSERT INTO adminuser (uid, username, password) VALUES
(1, 'admin', 'admin');

----------------------------------------------------------------

--
-- 添加数据 'category'
--

INSERT INTO category (cid, cname, discount, privilegeTime) VALUES
(1, '女装男装', 0.8, '2018-03-22 00:00:00'),
(2, '鞋靴箱包', 0.5, '2018-03-22 00:00:00'),
(3, '日常生活用品', 1, '2018-03-22 00:00:00'),
(4, '珠宝配饰', 0.9, '2018-03-22 00:00:00'),
(5, '手机数码', 1, '2018-03-22 00:00:00'),
(6, '家用电器', 0.8, '2018-03-22 00:00:00'),
(7, '海外购', 1, '2018-03-22 00:00:00'),
(8, '食品', 0.9, '2018-03-22 00:00:00');


---------------------------------------------------------------------------

--
-- 添加数据 'categorysecond'
--

INSERT INTO categorysecond (csid, csname, cid) VALUES
(1, '潮流女装', 1),
(2, '初冬羽绒', 1),
(3, '毛呢大衣', 1),
(4, '温暖毛衣', 1),
(5, '精选男装', 1),
(6, '冬季外套', 1),
(7, '羽绒服', 1),
(9, '女鞋', 2),
(10, '短靴', 2),
(11, '男鞋', 2),
(12, '女包', 2),
(13, '男包', 2),
(14, '服饰配件', 2),
(15, '雨伞雨具', 3),
(16, '洗嗮/熨烫', 3),
(17, '净化除味', 3),
(18, '缝纫针织', 3),
(19, '骑行装备', 3),
(20, '珠宝首饰', 4),
(21, '时尚饰品', 4),
(22, '品质手表', 4),
(23, '眼镜配饰', 4),
(24, '手机', 5),
(25, '平板', 5),
(26, '电脑', 5),
(27, '相机', 5),
(28, '大家电', 6),
(29, '厨房电器', 6),
(30, '生活电器', 6),
(31, '个户电器', 6),
(32, '办公耗材', 6),
(33, '护肤美妆', 7),
(34, '母婴儿童', 7),
(35, '轻奢包包', 7),
(36, '人气面膜', 7),
(37, '大牌腕表', 7),
(38, '休闲零食', 8),
(39, '饼干糕点', 8),
(40, '生鲜果蔬', 8),
(41, '粮油干货', 8);

-- --------------------------------------------------------

--
-- 转存表中的数据 'orderitem'
--

INSERT INTO orderitem (itemid, count, subtotal, oid, pid) VALUES
(1, 3, 249, 1, 71),
(2, 1, 358, 2, 51),
(3, 1, 18000, 3, 32),
(4, 1, 119, 4, 5),
(5, 1, 358, 5, 51),
(6, 1, 299, 5, 57),
(7, 2, 598, 6, 57),
(8, 1, 299, 7, 57),
(9, 1, 299, 9, 57),
(10, 1, 18000, 11, 32),
(11, 1, 358, 12, 42),
(12, 1, 299, 13, 57),
(13, 1, 9900, 14, 11),
(14, 2, 598, 15, 57),
(15, 1, 343, 16, 81),
(16, 1, 299, 16, 57),
(17, 2, 686, 17, 81),
(18, 1, 34, 18, 57),
(19, 2, 358, 19, 51),
(20, 1, 114, 20, 1),
(21, 1, 114, 23, 1),
(22, 1, 114, 25, 1),
(23, 2, 228, 26, 1),
(24, 1, 343, 27, 81),
(25, 4, 598, 28, 57),
(26, 1, 149.5, 29, 57),
(27, 1, 343, 30, 81),
(28, 1, 149.5, 30, 57),
(29, 2, 686, 31, 81),
(30, 1, 343, 33, 81),
(31, 1, 99, 34, 21),
(32, 1, 343, 35, 81),
(33, 1, 343, 37, 81),
(34, 1, 149.5, 37, 57),
(35, 1, 16200, 38, 32),
(36, 1, 149.5, 40, 57),
(37, 1, 343, 40, 81),
(38, 1, 41.5, 42, 68),
(39, 1, 343, 44, 81),
(40, 1, 16200, 45, 32),
(41, 1, 16200, 46, 32),
(42, 2, 32400, 47, 32),
(43, 1, 149.5, 49, 57),
(44, 1, 16200, 50, 32),
(45, 1, 343, 52, 81),
(46, 1, 149.5, 54, 57),
(47, 1, 16200, 55, 32),
(48, 1, 149.5, 57, 57),
(49, 2, 83, 59, 68),
(50, 1, 41.5, 61, 68),
(51, 10, 1495, 63, 57),
(52, 1, 41.5, 65, 68),
(53, 1, 41.5, 67, 68),
(54, 2, 83, 69, 68),
(55, 1, 41.5, 71, 68),
(56, 1, 41.5, 72, 68),
(57, 1, 41.5, 73, 68),
(58, 1, 41.5, 75, 68),
(59, 2, 83, 77, 68),
(60, 1, 41.5, 79, 68),
(61, 1, 41.5, 81, 68),
(62, 1, 41.5, 83, 68),
(63, 1, 41.5, 85, 98),
(64, 1, 343, 85, 81),
(65, 1, 149.5, 85, 57),
(66, 10, 3430, 87, 81),
(67, 2, 299, 89, 57),
(68, 1, 149.5, 91, 56),
(69, 1, 179, 93, 45),
(70, 2, 32400, 94, 32),
(71, 1, 114, 96, 1),
(72, 2, 172, 98, 2),
(73, 2, 119, 100, 3),
(74, 2, 119, 102, 4),
(75, 2, 119, 104, 5),
(76, 1, 59.5, 106, 9),
(77, 1, 79, 108, 10),
(78, 1, 4950, 110, 11),
(79, 1, 168, 112, 8),
(80, 1, 59.5, 114, 3),
(81, 1, 4950, 116, 12),
(82, 1, 16200, 118, 32),
(83, 1, 114, 119, 1),
(84, 1, 114, 121, 1),
(85, 198, 11781, 123, 4),
(86, 1, 59.5, 125, 4),
(87, 1, 171.5, 126, 81),
(88, 1, 171.5, 129, 81),
(89, 1, 171.5, 130, 81),
(90, 1, 171.5, 132, 81),
(91, 2, 343, 134, 81),
(92, 1, 343, 136, 62),
(93, 30, 5145, 137, 62),
(94, 2, 343, 139, 62),
(95, 4, 686, 140, 81),
(96, 1, 299, 142, 57),
(97, 2, 598, 143, 57),
(98, 1, 171.5, 143, 62),
(99, 3, 514.5, 145, 81),
(100, 1, 18000, 147, 32),
(101, 2, 343, 148, 81),
(102, 1, 171.5, 149, 81),
(103, 4, 686, 150, 81),
(104, 1, 343, 151, 62),
(105, 1, 343, 152, 81),
(106, 4, 1372, 153, 62),
(107, 2, 686, 153, 81),
(108, 4, 686, 154, 81),
(109, 2, 343, 155, 81),
(110, 1, 171.5, 156, 81),
(111, 1, 171.5, 158, 81),
(112, 2, 343, 159, 81),
(113, 2, 343, 160, 62),
(114, 2, 343, 162, 81),
(115, 2, 343, 164, 81),
(116, 2, 343, 164, 41),
(117, 1, 358, 164, 51),
(118, 5, 857.5, 165, 81),
(119, 2, 343, 167, 81),
(120, 2, 343, 168, 81),
(121, 2, 343, 169, 81),
(122, 4, 686, 171, 81),
(123, 2, 343, 171, 86),
(124, 2, 343, 172, 81),
(125, 5, 1432, 176, 51),
(126, 2, 343, 178, 81),
(127, 2, 343, 181, 81),
(128, 1, 171.5, 182, 81);

-- --------------------------------------------------------

--
-- 转存表中的数据 'orders'
--

INSERT INTO orders (oid, addr,name, ordertime, phone, state, total, uid) VALUES
(1, 'dfd', 'admin', '2016-11-22 23:55:55', 'dffds', 1, 249, 31),
(2, 'dfd', 'admin', '2016-11-22 23:57:50', 'dffds', 1, 358, 31),
(3, 'dfd', 'admin', '2016-11-23 16:58:05', 'dffds', 1, 18000, 31),
(4, NULL, NULL, '2016-11-23 16:59:35', NULL, 1, 119, 31),
(5, 'dfd', 'admin', '2016-11-23 17:37:09', 'dffds', 1, 657, 31),
(6, 'dfd', 'admin', '2016-11-24 00:09:18', 'dffds', 1, 598, 31),
(7, NULL, NULL, '2016-11-24 00:14:43', NULL, 1, 299, 31),
(8, 'dfd', 'admin', '2016-11-24 00:19:40', 'dffds', 1, 299, 31),
(9, 'dfd', 'admin', '2016-11-24 00:19:40', 'dffds', 2, 299, 31),
(10, 'dfd', 'admin', '2016-11-24 00:27:43', 'dffds', 1, 18000, 31),
(11, 'dfd', 'admin', '2016-11-24 00:27:43', 'dffds', 2, 18000, 31),
(12, 'dfd', 'admin', '2016-11-24 09:54:30', 'dffds', 1, 358, 31),
(13, 'dfd', 'admin', '2016-11-24 09:54:46', 'dffds', 1, 299, 31),
(14, 'dfd', 'admin', '2016-11-24 11:07:29', 'dffds', 1, 9900, 31),
(15, NULL, NULL, '2016-11-24 11:14:56', NULL, 1, 598, 31),
(16, 'dfd', 'admin', '2016-11-24 19:51:53', 'dffds', 1, 642, 31),
(17, 'dfd', 'admin', '2016-11-26 16:24:39', 'dffds', 1, 686, 31),
(18, 'dfd', '', '2016-11-26 16:26:33', 'dffds', 1, 34, 31),
(19, NULL, NULL, '2016-11-26 16:26:55', NULL, 1, 358, 31),
(20, NULL, NULL, '2016-11-26 16:35:54', NULL, 1, 114, 31),
(21, NULL, NULL, '2016-11-26 16:39:53', NULL, 1, 0, 31),
(22, NULL, NULL, '2016-11-26 16:40:00', NULL, 1, 0, 31),
(23, NULL, NULL, '2016-11-26 16:40:07', NULL, 1, 114, 31),
(24, NULL, NULL, '2016-11-26 16:40:47', NULL, 1, 0, 31),
(25, NULL, NULL, '2016-11-26 16:40:53', NULL, 1, 114, 31),
(26, NULL, NULL, '2016-11-26 16:41:07', NULL, 1, 228, 31),
(27, NULL, NULL, '2016-11-26 16:44:54', NULL, 1, 343, 31),
(28, NULL, NULL, '2016-11-26 17:26:55', NULL, 1, 598, 31),
(29, 'dfd', 'admin', '2016-11-26 19:35:24', 'dffds', 1, 149.5, 31),
(30, 'dfd', 'admin', '2016-11-26 22:10:55', 'dffds', 1, 492.5, 31),
(31, 'dfd', 'admin', '2016-11-26 22:27:21', 'dffds', 1, 686, 31),
(32, 'dfd', 'admin', '2016-11-26 22:31:32', 'dffds', 1, 343, 31),
(33, 'dfd', 'admin', '2016-11-26 22:31:32', 'dffds', 2, 343, 31),
(34, 'dfd', 'admin', '2016-11-26 23:29:55', 'dffds', 1, 99, 31),
(35, 'dfd', 'admin', '2016-11-26 23:44:22', 'dffds', 1, 343, 31),
(36, 'dfd', 'admin', '2016-11-26 23:46:48', 'dffds', 1, 492.5, 31),
(37, 'dfd', 'admin', '2016-11-26 23:46:48', 'dffds', 2, 492.5, 31),
(38, 'dfd', 'admin', '2016-11-26 23:47:25', 'dffds', 1, 16200, 31),
(39, 'dfd', 'admin', '2016-11-26 23:57:40', 'dffds', 1, 492.5, 31),
(40, 'dfd', 'admin', '2016-11-26 23:57:40', 'dffds', 2, 492.5, 31),
(41, 'dfd', 'admin', '2016-11-27 00:03:40', 'dffds', 1, 41.5, 31),
(42, 'dfd', 'admin', '2016-11-27 00:03:40', 'dffds', 2, 41.5, 31),
(43, 'dfd', 'admin', '2016-11-27 00:29:31', 'dffds', 1, 343, 31),
(44, 'dfd', 'admin', '2016-11-27 00:29:31', 'dffds', 2, 343, 31),
(45, 'dfd', 'admin', '2016-11-27 00:34:30', 'dffds', 1, 16200, 31),
(46, 'dfd', 'admin', '2016-11-27 00:42:39', 'dffds', 1, 16200, 31),
(47, 'dfd', 'admin', '2016-11-27 00:45:00', 'dffds', 1, 32400, 31),
(48, 'dfd', 'admin', '2016-11-27 10:49:07', 'dffds', 1, 149.5, 31),
(49, 'dfd', 'admin', '2016-11-27 10:49:07', 'dffds', 2, 149.5, 31),
(50, 'dfd', 'admin', '2016-11-27 10:49:28', 'dffds', 1, 16200, 31),
(51, 'dfd', 'admin', '2016-11-27 10:50:13', 'dffds', 1, 343, 31),
(52, 'dfd', 'admin', '2016-11-27 10:50:13', 'dffds', 2, 343, 31),
(53, 'dfd', 'admin', '2016-11-27 10:55:44', 'dffds', 1, 149.5, 31),
(54, 'dfd', 'admin', '2016-11-27 10:55:44', 'dffds', 2, 149.5, 31),
(55, 'dfd', 'admin', '2016-11-27 12:27:05', 'dffds', 1, 16200, 31),
(56, 'dfd', 'admin', '2016-11-27 12:27:28', 'dffds', 1, 149.5, 31),
(57, 'dfd', 'admin', '2016-11-27 12:27:28', 'dffds', 2, 149.5, 31),
(58, 'dfd', 'admin', '2016-11-27 12:58:55', 'dffds', 1, 83, 31),
(59, 'dfd', 'admin', '2016-11-27 12:58:55', 'dffds', 2, 83, 31),
(60, 'dfd', 'admin', '2016-11-27 13:01:39', 'dffds', 1, 41.5, 31),
(61, 'dfd', 'admin', '2016-11-27 13:01:39', 'dffds', 2, 41.5, 31),
(62, 'dfd', 'admin', '2016-11-27 13:08:35', 'dffds', 1, 1495, 31),
(63, 'dfd', 'admin', '2016-11-27 13:08:35', 'dffds', 2, 1495, 31),
(64, 'dfd', 'admin', '2016-11-27 13:17:39', 'dffds', 1, 41.5, 31),
(65, 'dfd', 'admin', '2016-11-27 13:17:39', 'dffds', 2, 41.5, 31),
(66, 'dfd', 'admin', '2016-11-27 13:22:22', 'dffds', 1, 41.5, 31),
(67, 'dfd', 'admin', '2016-11-27 13:22:22', 'dffds', 2, 41.5, 31),
(68, 'dfd', 'admin', '2016-11-27 13:24:25', 'dffds', 1, 83, 31),
(69, 'dfd', 'admin', '2016-11-27 13:24:25', 'dffds', 2, 83, 31),
(70, 'dfd', 'admin', '2016-11-27 13:35:25', 'dffds', 1, 41.5, 31),
(71, 'dfd', 'admin', '2016-11-27 13:35:25', 'dffds', 2, 41.5, 31),
(72, NULL, NULL, '2016-11-27 13:35:52', NULL, 1, 41.5, 31),
(73, NULL, NULL, '2016-11-27 13:31:24', NULL, 1, 41.5, 31),
(74, 'dfd', 'admin', '2016-11-27 13:49:25', 'dffds', 1, 41.5, 31),
(75, 'dfd', 'admin', '2016-11-27 13:49:25', 'dffds', 2, 41.5, 31),
(76, 'dfd', 'admin', '2016-11-27 13:52:51', 'dffds', 1, 83, 31),
(77, 'dfd', 'admin', '2016-11-27 13:52:51', 'dffds', 2, 83, 31),
(78, 'dfd', 'admin', '2016-11-27 13:53:21', 'dffds', 1, 41.5, 31),
(79, 'dfd', 'admin', '2016-11-27 13:53:21', 'dffds', 2, 41.5, 31),
(80, 'dfd', 'admin', '2016-11-27 13:55:23', 'dffds', 1, 41.5, 31),
(81, 'dfd', 'admin', '2016-11-27 13:55:23', 'dffds', 2, 41.5, 31),
(82, 'dfd', 'admin', '2016-11-27 13:58:59', 'dffds', 1, 41.5, 31),
(83, 'dfd', 'admin', '2016-11-27 13:58:59', 'dffds', 2, 41.5, 31),
(84, 'dfd', 'admin', '2016-11-27 14:00:13', 'dffds', 1, 534, 31),
(85, 'dfd', 'admin', '2016-11-27 14:00:13', 'dffds', 2, 534, 31),
(86, 'dfd', 'admin', '2016-11-27 14:01:32', 'dffds', 1, 3430, 31),
(87, 'dfd', 'admin', '2016-11-27 14:01:32', 'dffds', 2, 3430, 31),
(88, 'dfd', 'admin', '2016-11-27 14:04:25', 'dffds', 1, 299, 31),
(89, 'dfd', 'admin', '2016-11-27 14:04:25', 'dffds', 2, 299, 31),
(90, 'dfd', 'admin', '2016-11-27 14:09:45', 'dffds', 1, 149.5, 31),
(91, 'dfd', 'admin', '2016-11-27 14:09:45', 'dffds', 2, 149.5, 31),
(92, 'dfd', 'admin', '2016-11-27 14:17:22', 'dffds', 1, 179, 31),
(93, 'dfd', 'admin', '2016-11-27 14:17:22', 'dffds', 2, 179, 31),
(94, 'dfd', 'admin', '2016-11-27 14:54:34', 'dffds', 1, 32400, 31),
(95, 'dfd', 'admin', '2016-11-27 14:55:52', 'dffds', 1, 114, 31),
(96, 'dfd', 'admin', '2016-11-27 14:55:52', 'dffds', 2, 114, 31),
(97, 'dfd', 'admin', '2016-11-27 15:26:29', 'dffds', 1, 172, 31),
(98, 'dfd', 'admin', '2016-11-27 15:26:29', 'dffds', 2, 172, 31),
(99, 'dfd', 'admin', '2016-11-27 15:42:54', 'dffds', 1, 119, 31),
(100, 'dfd', 'admin', '2016-11-27 15:42:54', 'dffds', 2, 119, 31),
(101, 'dfd', 'admin', '2016-11-27 15:49:39', 'dffds', 1, 119, 31),
(102, 'dfd', 'admin', '2016-11-27 15:49:39', 'dffds', 2, 119, 31),
(103, 'dfd', 'admin', '2016-11-27 15:52:05', 'dffds', 1, 119, 31),
(104, 'dfd', 'admin', '2016-11-27 15:52:05', 'dffds', 2, 119, 31),
(105, 'dfd', 'admin', '2016-11-27 15:53:06', 'dffds', 1, 59.5, 31),
(106, 'dfd', 'admin', '2016-11-27 15:53:06', 'dffds', 2, 59.5, 31),
(107, 'dfd', 'admin', '2016-11-27 15:58:36', 'dffds', 1, 79, 31),
(108, 'dfd', 'admin', '2016-11-27 15:58:36', 'dffds', 2, 79, 31),
(109, 'dfd', 'admin', '2016-11-27 16:22:18', 'dffds', 1, 4950, 31),
(110, 'dfd', 'admin', '2016-11-27 16:22:18', 'dffds', 2, 4950, 31),
(111, 'dfd', 'admin', '2016-11-27 16:23:22', 'dffds', 1, 168, 31),
(112, 'dfd', 'admin', '2016-11-27 16:23:22', 'dffds', 2, 168, 31),
(113, 'dfd', 'admin', '2016-11-27 16:24:46', 'dffds', 1, 59.5, 31),
(114, 'dfd', 'admin', '2016-11-27 16:24:46', 'dffds', 2, 59.5, 31),
(115, 'dfd', 'admin', '2016-11-27 16:28:35', 'dffds', 1, 4950, 31),
(116, 'dfd', 'admin', '2016-11-27 16:28:35', 'dffds', 2, 4950, 31),
(117, 'dfd', 'admin', '2016-11-27 16:29:24', 'dffds', 1, 16200, 31),
(118, 'dfd', 'admin', '2016-11-27 16:29:24', 'dffds', 2, 16200, 31),
(119, NULL, NULL, '2016-11-27 16:34:12', NULL, 1, 114, 31),
(120, 'dfd', 'admin', '2016-11-27 16:34:20', 'dffds', 1, 114, 31),
(121, 'dfd', 'admin', '2016-11-27 16:34:20', 'dffds', 2, 114, 31),
(122, 'dfd', 'admin', '2016-11-27 16:35:02', 'dffds', 1, 11781, 31),
(123, 'dfd', 'admin', '2016-11-27 16:35:02', 'dffds', 2, 11781, 31),
(124, 'dfd', 'admin', '2016-11-27 16:35:19', 'dffds', 1, 59.5, 31),
(125, 'dfd', 'admin', '2016-11-27 16:35:19', 'dffds', 2, 59.5, 31),
(126, NULL, NULL, '2016-11-30 17:29:31', NULL, 1, 171.5, 32),
(127, NULL, NULL, '2016-11-30 17:29:45', NULL, 1, 0, 32),
(128, NULL, NULL, '2016-11-30 17:29:49', NULL, 1, 0, 32),
(129, 'JiaZi', 'Joryun', '2016-11-30 17:30:28', '15521075723', 1, 171.5, 32),
(130, 'JiaZi', 'Joryun', '2016-11-30 17:35:43', '15521075723', 1, 171.5, 32),
(131, 'JiaZi', 'Joryun', '2016-11-30 17:40:42', '15521075723', 1, 171.5, 32),
(132, 'JiaZi', 'Joryun', '2016-11-30 17:40:42', '15521075723', 2, 171.5, 32),
(133, 'JiaZi', 'Joryun', '2016-11-30 17:45:43', '15521075723', 1, 343, 32),
(134, 'JiaZi', 'Joryun', '2016-11-30 17:45:43', '15521075723', 2, 343, 32),
(135, 'dfd', 'admin', '2016-12-05 00:18:18', 'dffds', 1, 343, 31),
(136, 'dfd', 'admin', '2016-12-05 00:18:18', 'dffds', 2, 343, 31),
(137, NULL, NULL, '2016-12-05 13:21:49', NULL, 1, 5145, 31),
(138, NULL, NULL, '2016-12-05 13:22:03', NULL, 1, 0, 31),
(139, NULL, NULL, '2016-12-05 13:22:18', NULL, 1, 343, 31),
(140, NULL, NULL, '2016-12-05 13:46:00', NULL, 1, 686, 31),
(141, 'dfd', 'admin', '2016-12-05 13:46:36', 'dffds', 1, 299, 31),
(142, 'dfd', 'admin', '2016-12-05 13:46:36', 'dffds', 2, 299, 31),
(143, NULL, NULL, '2016-12-05 13:47:39', NULL, 1, 769.5, 31),
(144, NULL, NULL, '2016-12-05 13:48:00', NULL, 1, 0, 31),
(145, NULL, NULL, '2016-12-05 13:50:50', NULL, 1, 514.5, 31),
(146, 'dfd', 'admin', '2016-12-05 14:07:52', 'dffds', 1, 18000, 31),
(147, 'dfd', 'admin', '2016-12-05 14:07:52', 'dffds', 2, 18000, 31),
(148, NULL, NULL, '2016-12-05 14:53:20', NULL, 1, 343, 31),
(149, NULL, NULL, '2016-12-05 14:57:55', NULL, 1, 171.5, 31),
(150, NULL, NULL, '2016-12-05 15:10:09', NULL, 1, 686, 31),
(151, NULL, NULL, '2016-12-06 11:36:46', NULL, 1, 343, 31),
(152, NULL, NULL, '2016-12-06 11:37:12', NULL, 1, 343, 31),
(153, NULL, NULL, '2016-12-06 11:59:08', NULL, 1, 1715, 31),
(154, NULL, NULL, '2016-12-06 12:00:56', NULL, 1, 686, 31),
(155, NULL, NULL, '2016-12-06 12:02:41', NULL, 1, 343, 31),
(156, NULL, NULL, '2016-12-06 12:03:37', NULL, 1, 171.5, 31),
(157, NULL, NULL, '2016-12-06 12:04:15', NULL, 1, 0, 31),
(158, NULL, NULL, '2016-12-06 12:04:24', NULL, 1, 171, 31),
(159, NULL, NULL, '2016-12-06 12:04:42', NULL, 1, 323, 31),
(160, NULL, NULL, '2016-12-06 12:05:06', NULL, 1, 323, 31),
(161, NULL, NULL, '2016-12-06 12:05:57', NULL, 1, 0, 31),
(162, NULL, NULL, '2016-12-06 12:06:07', NULL, 1, 323, 31),
(163, 'dfd', 'admin', '2016-12-06 12:09:39', 'dffds', 1, 1024, 31),
(164, 'dfd', 'admin', '2016-12-06 12:09:39', 'dffds', 2, 1024, 31),
(165, NULL, NULL, '2016-12-06 12:29:01', NULL, 1, 837, 31),
(166, NULL, NULL, '2016-12-06 12:29:09', NULL, 1, 857, 31),
(167, NULL, NULL, '2016-12-06 12:32:02', NULL, 1, 323, 31),
(168, NULL, NULL, '2016-12-06 12:33:35', NULL, 1, 323, 31),
(169, NULL, NULL, '2016-12-06 12:31:43', NULL, 1, 323, 31),
(170, NULL, NULL, '2016-12-06 12:39:05', NULL, 1, 0, 31),
(171, NULL, NULL, '2016-12-06 12:40:47', NULL, 1, 1009, 31),
(172, NULL, NULL, '2016-12-06 19:29:43', NULL, 1, 343, 32),
(173, 'JiaZi', 'Joryun', '2016-12-06 19:29:57', '15521075723', 1, 323, 32),
(174, 'JiaZi', 'Joryun', '2016-12-06 19:29:57', '15521075723', 2, 323, 32),
(175, 'JiaZi', 'Joryun', '2016-12-06 21:15:11', '15521075723', 1, 1412, 32),
(176, 'JiaZi', 'Joryun', '2016-12-06 21:15:11', '15521075723', 2, 1412, 32),
(177, 'JiaZi', 'Joryun', '2016-12-06 21:15:49', '15521075723', 1, 323, 32),
(178, 'JiaZi', 'Joryun', '2016-12-06 21:15:49', '15521075723', 2, 323, 32),
(179, 'JiaZi', 'Joryun', '2016-12-06 21:15:49', '15521075723', 2, 323, 32),
(180, 'JiaZi', 'Joryun', '2016-12-06 21:29:32', '15521075723', 1, 323, 32),
(181, 'JiaZi', 'Joryun', '2016-12-06 21:29:32', '15521075723', 2, 323, 32),
(182, NULL, NULL, '2016-12-06 21:29:58', NULL, 1, 171, 32);

-- --------------------------------------------------------

--
-- 转存表中的数据 'packet'
--

INSERT INTO 'packet' ('pacid', 'uid') VALUES
(1, 39);

------------------------------------------

--
-- 转存表中的数据 'product'
--

INSERT INTO product (pid, pname, market_price, shop_price, inventory, image, pdesc, is_hot, pdate, csid) VALUES
(1, 'uquw5sGsw7G807rxw6vSwsWuzeLM1w==', 558, 228, 198, 'products/1/cs10001.jpg', '?11??200???????????????????????????????????????????????????????????????????????????????????????????????????????', 1, '2014-11-02 20:18:00', 1),
(2, '冬装韩版女装翻领羔绒夹棉格子毛呢外套', 436, 172, 40, 'products/1/cs10002.jpg', '????????????????12??10????????????????????~??????12?11???? ???? ????????? ?????????? ?????????? ?? ?? ??????????? ??????? ????????????? ?????????', 0, '2016-12-05 00:46:22', 1),
(3, '冬装韩版女装翻领羔绒夹棉格子毛呢外套', 238, 119, 197, 'products/1/cs10003.jpg', '???? ???????? ?????????????????? ?????????????? ???????????? ?????????????????? ???????????????????? ?????????????', 0, '2014-10-01 20:18:00', 1),
(4, 'dXF1dzVzV3UxN0MzcmNIc3VPSEkzcnpRdzk2NDhkZlR3NnZFMk0zaXpOYw==', 238, 119, 20, 'products/1/cs10004.jpg', '???? ???????? ?????????????????? ?????????????? ???????????? ?????????????????? ???????????????????? ?????????????', 0, '2014-12-07 20:18:00', 1),
(5, 'uquw5sWu17C3rcHsuOHI3rzQw9648dfTw6vE2M3izNc=', 238, 119, 198, 'products/1/cs10005.jpg', '???? ???????? ?????????????????? ?????????????? ???????????? ?????????????????? ???????????????????? ?????????????', 0, '2014-11-02 20:18:00', 1),
(6, '冬装韩版女装翻领羔绒夹棉格子毛呢外套', 238, 119, 200, 'products/1/cs10006.jpg', '外套款。 称为棉衣也不为过 或者因为它的表层毛呢　称呼为毛呢外套 ｙａｎｇ　羔绒位于翻领及袖口 从视觉着手　带来温暖无限 夹棉里衬（袖里也有）再次提升御寒功能 流行元素上　选择红黑格纹理　大气而又经典 金属拉链开叉　插袋自不会少', 0, '2014-11-10 15:18:00', 1),
(7, '新款优雅奢华毛领白鸭绒轻薄羽绒服', 1120, 590, 200, 'products/1/cs10007.jpg', '秋冬热卖款，今日特惠！库存有限，卖完即止！喜欢的赶紧出手哦！', 0, '2014-11-03 20:18:00', 1),
(8, 'x++2rLy+w6vE2M3izNfFrtbQs6S/7tSywezQoc/jt+fE2NfTtPPSwg==', 672, 336, 199, 'products/1/cs10008.jpg', '??12????12?????11?24?—12?11???????33.6??12?12??????????????????12???????????10?????????????????????', 0, '2014-11-03 20:18:00', 1),
(9, 'xa7XsLrR19PDq7Tz0sIgyrHJ0NDeye2zpNDkyufFrsOrxNjN4szX', 238, 119, 199, 'products/1/cs10009.jpg', '??????????????????????????????', 0, '2014-11-03 20:18:00', 1),
(10, '0N7J7c/Uyt3K58Wu1evWr7Ok0OS08rXXwazSwsi5xa4=', 356, 158, 199, 'products/1/cs10010.jpg', '?1212?????????,?????????15.80?????158.00???12????178.00?!', 0, '2014-11-03 20:18:00', 1),
(11, '1fv19caktPPSws3izNfW0LOkv+7K1dH8waLB7LOk0OS9+L/a1ebGpLLd9MPGpA==', 19800, 9900, 199, 'products/1/cs20001.jpg', '??100%????? ???????????? ???????? ??????????100%???? ???? ???? ?????? ??????????????', 0, '2014-11-03 20:18:00', 2),
(12, '1fv19caktPPSws3izNfW0LOkv+7K1dH8waLB7LOk0OS9+L/a1ebGpLLd9MPGpA==', 19800, 9900, 199, 'products/1/cs20002.jpg', '??100%????? ???????????? ???????? ??????????100%???? ???? ???? ?????? ??????????????', 0, '2014-11-03 20:18:00', 2),
(13, '整貂皮大衣外套中长款收腰立领长袖进口真皮草裘皮', 19800, 9900, 200, 'products/1/cs20003.jpg', '采用100%进口小母貂 毛皮结实柔软毛峰更有光泽 保暖效果极强。　 【正品保证】我们承诺100%整皮水貂 假一罚十 支持验货 无理由退换货 【售后保障】终身免费保养维修', 0, '2014-11-03 20:18:00', 2),
(14, '整貂皮大衣外套中长款收腰立领长袖进口真皮草裘皮', 19800, 9900, 200, 'products/1/cs20004.jpg', '采用100%进口小母貂 毛皮结实柔软毛峰更有光泽 保暖效果极强。　 【正品保证】我们承诺100%整皮水貂 假一罚十 支持验货 无理由退换货 【售后保障】终身免费保养维修', 0, '2014-11-03 20:18:00', 2),
(15, '整貂皮大衣外套中长款收腰立领长袖进口真皮草裘皮', 19800, 9900, 200, 'products/1/cs20005.jpg', '采用100%进口小母貂 毛皮结实柔软毛峰更有光泽 保暖效果极强。　 【正品保证】我们承诺100%整皮水貂 假一罚十 支持验货 无理由退换货 【售后保障】终身免费保养维修', 0, '2014-11-03 20:18:00', 2),
(16, '整貂皮大衣外套中长款收腰立领长袖进口真皮草裘皮', 19800, 9900, 200, 'products/1/cs20006.jpg', '采用100%进口小母貂 毛皮结实柔软毛峰更有光泽 保暖效果极强。　 【正品保证】我们承诺100%整皮水貂 假一罚十 支持验货 无理由退换货 【售后保障】终身免费保养维修', 0, '2014-11-03 20:18:00', 2),
(17, '整貂皮大衣外套中长款收腰立领长袖进口真皮草裘皮', 19800, 9900, 200, 'products/1/cs20007.jpg', '采用100%进口小母貂 毛皮结实柔软毛峰更有光泽 保暖效果极强。　 【正品保证】我们承诺100%整皮水貂 假一罚十 支持验货 无理由退换货 【售后保障】终身免费保养维修', 0, '2014-11-03 20:18:00', 2),
(18, '整貂皮大衣外套中长款收腰立领长袖进口真皮草裘皮', 19800, 9900, 200, 'products/1/cs20008.jpg', '采用100%进口小母貂 毛皮结实柔软毛峰更有光泽 保暖效果极强。　 【正品保证】我们承诺100%整皮水貂 假一罚十 支持验货 无理由退换货 【售后保障】终身免费保养维修', 0, '2014-11-03 20:18:00', 2),
(19, '整貂皮大衣外套中长款收腰立领长袖进口真皮草裘皮', 19800, 9900, 200, 'products/1/cs20009.jpg', '采用100%进口小母貂 毛皮结实柔软毛峰更有光泽 保暖效果极强。　 【正品保证】我们承诺100%整皮水貂 假一罚十 支持验货 无理由退换货 【售后保障】终身免费保养维修', 0, '2014-10-01 20:18:00', 2),
(20, '中长款貂皮大衣整貂女装', 17900, 7290, 200, 'products/1/cs20010.jpg', '采用100%进口小母貂 毛皮结实柔软毛峰更有光泽 保暖效果极强。　 【正品保证】【售后保障】我们承诺100%整皮水貂 假一罚十 支持验货 无理由退换货', 0, '2014-11-03 20:18:00', 2),
(21, '韩版毛呢外套女韩范秋冬装厚中长款冬季呢子', 598, 198, 200, 'products/1/cs30001.png', '今年韩国首尔爆款，超高端定制羊毛呢大衣，版型超美，不挑身材，不挑年龄，上身非常漂亮哦，适合任何场合，这个秋冬MM必备款哦。几乎人手一件，美丽时尚的你怎么能少了这件呢，现秋冬预热加十一到来，只需99元包邮，只限今天，今天过后马上涨价，早买早划算哦~', 1, '2014-11-03 20:18:00', 3),
(22, '韩版毛呢外套女韩范秋冬装厚中长款冬季呢子', 598, 198, 200, 'products/1/cs30002.png', '今年韩国首尔爆款，超高端定制羊毛呢大衣，版型超美，不挑身材，不挑年龄，上身非常漂亮哦，适合任何场合，这个秋冬MM必备款哦。几乎人手一件，美丽时尚的你怎么能少了这件呢，现秋冬预热加十一到来，只需99元包邮，只限今天，今天过后马上涨价，早买早划算哦~', 0, '2014-11-03 20:18:00', 3),
(23, '韩版毛呢外套女韩范秋冬装厚中长款冬季呢子', 598, 198, 200, 'products/1/cs30003.png', '今年韩国首尔爆款，超高端定制羊毛呢大衣，版型超美，不挑身材，不挑年龄，上身非常漂亮哦，适合任何场合，这个秋冬MM必备款哦。几乎人手一件，美丽时尚的你怎么能少了这件呢，现秋冬预热加十一到来，只需99元包邮，只限今天，今天过后马上涨价，早买早划算哦~', 0, '2014-11-03 20:18:00', 3),
(24, '韩版毛呢外套女韩范秋冬装厚中长款冬季呢子', 598, 198, 200, 'products/1/cs30004.png', '今年韩国首尔爆款，超高端定制羊毛呢大衣，版型超美，不挑身材，不挑年龄，上身非常漂亮哦，适合任何场合，这个秋冬MM必备款哦。几乎人手一件，美丽时尚的你怎么能少了这件呢，现秋冬预热加十一到来，只需99元包邮，只限今天，今天过后马上涨价，早买早划算哦~', 0, '2014-11-03 20:18:00', 3),
(25, '韩版毛呢外套女韩范秋冬装厚中长款冬季呢子', 598, 198, 200, 'products/1/cs30005.png', '今年韩国首尔爆款，超高端定制羊毛呢大衣，版型超美，不挑身材，不挑年龄，上身非常漂亮哦，适合任何场合，这个秋冬MM必备款哦。几乎人手一件，美丽时尚的你怎么能少了这件呢，现秋冬预热加十一到来，只需99元包邮，只限今天，今天过后马上涨价，早买早划算哦~', 0, '2014-11-03 20:18:00', 3),
(26, '韩版毛呢外套女韩范秋冬装厚中长款冬季呢子', 598, 198, 200, 'products/1/cs30006.png', '今年韩国首尔爆款，超高端定制羊毛呢大衣，版型超美，不挑身材，不挑年龄，上身非常漂亮哦，适合任何场合，这个秋冬MM必备款哦。几乎人手一件，美丽时尚的你怎么能少了这件呢，现秋冬预热加十一到来，只需99元包邮，只限今天，今天过后马上涨价，早买早划算哦~', 0, '2014-11-03 20:18:00', 3),
(27, '韩版毛呢外套女韩范秋冬装厚中长款冬季呢子', 598, 198, 200, 'products/1/cs30007.png', '今年韩国首尔爆款，超高端定制羊毛呢大衣，版型超美，不挑身材，不挑年龄，上身非常漂亮哦，适合任何场合，这个秋冬MM必备款哦。几乎人手一件，美丽时尚的你怎么能少了这件呢，现秋冬预热加十一到来，只需99元包邮，只限今天，今天过后马上涨价，早买早划算哦~', 0, '2014-11-03 20:18:00', 3),
(28, '韩版毛呢外套女韩范秋冬装厚中长款冬季呢子', 598, 198, 200, 'products/1/cs30008.png', '今年韩国首尔爆款，超高端定制羊毛呢大衣，版型超美，不挑身材，不挑年龄，上身非常漂亮哦，适合任何场合，这个秋冬MM必备款哦。几乎人手一件，美丽时尚的你怎么能少了这件呢，现秋冬预热加十一到来，只需99元包邮，只限今天，今天过后马上涨价，早买早划算哦~', 0, '2014-11-03 20:18:00', 3),
(29, '韩版毛呢外套女韩范秋冬装厚中长款冬季呢子', 598, 198, 200, 'products/1/cs30009.png', '今年韩国首尔爆款，超高端定制羊毛呢大衣，版型超美，不挑身材，不挑年龄，上身非常漂亮哦，适合任何场合，这个秋冬MM必备款哦。几乎人手一件，美丽时尚的你怎么能少了这件呢，现秋冬预热加十一到来，只需99元包邮，只限今天，今天过后马上涨价，早买早划算哦~', 0, '2014-11-03 20:18:00', 3),
(30, '韩版毛呢外套女韩范秋冬装厚中长款冬季呢子', 598, 198, 200, 'products/1/cs30010.png', '今年韩国首尔爆款，超高端定制羊毛呢大衣，版型超美，不挑身材，不挑年龄，上身非常漂亮哦，适合任何场合，这个秋冬MM必备款哦。几乎人手一件，美丽时尚的你怎么能少了这件呢，现秋冬预热加十一到来，只需99元包邮，只限今天，今天过后马上涨价，早买早划算哦~', 0, '2014-11-10 20:18:00', 3),
(31, '打底衫加厚修身羊毛衫女装羊绒衫', 387, 186, 200, 'products/1/cs40001.png', '本产品 不起球 不掉色 不缩水 是一款贴身必备的厚款羊绒衫 质量保证支持退换', 0, '2014-11-03 20:18:00', 4),
(32, '打底衫加厚修身羊毛衫女装羊绒衫', 387, 186, 200, 'products/1/cs40002.png', '本产品 不起球 不掉色 不缩水 是一款贴身必备的厚款羊绒衫 质量保证支持退换', 0, '2014-11-03 20:18:00', 4),
(33, '打底衫加厚修身羊毛衫女装羊绒衫', 387, 186, 200, 'products/1/cs40003.png', '本产品 不起球 不掉色 不缩水 是一款贴身必备的厚款羊绒衫 质量保证支持退换', 0, '2014-11-03 20:18:00', 4),
(34, '性感时尚 酷感黑色小圆领露肩修身长袖针织衫', 387, 186, 200, 'products/1/cs40004.jpg', '本产品 不起球 不掉色 不缩水 是一款贴身必备的厚款羊绒衫 质量保证支持退换', 0, '2014-11-03 20:18:00', 4),
(35, '韩版黑色打底衫加厚修身羊毛衫女装羊绒衫', 387, 186, 200, 'products/1/cs40005.png', '本产品 不起球 不掉色 不缩水 是一款贴身必备的厚款羊绒衫 质量保证支持退换', 1, '2014-11-03 20:18:00', 4),
(36, '韩版黑色打底衫加厚修身羊毛衫女装羊绒衫', 387, 186, 200, 'products/1/cs40006.png', '本产品 不起球 不掉色 不缩水 是一款贴身必备的厚款羊绒衫 质量保证支持退换', 0, '2014-11-03 20:18:00', 4),
(37, '韩版黑色打底衫加厚修身羊毛衫女装羊绒衫', 387, 186, 200, 'products/1/cs40007.png', '本产品 不起球 不掉色 不缩水 是一款贴身必备的厚款羊绒衫 质量保证支持退换', 0, '2014-11-03 20:18:00', 4),
(38, '韩版黑色打底衫加厚修身羊毛衫女装羊绒衫', 387, 186, 200, 'products/1/cs40008.png', '本产品 不起球 不掉色 不缩水 是一款贴身必备的厚款羊绒衫 质量保证支持退换', 0, '2014-11-03 20:18:00', 4),
(39, '韩版黑色打底衫加厚修身羊毛衫女装羊绒衫', 387, 186, 200, 'products/1/cs40009.png', '本产品 不起球 不掉色 不缩水 是一款贴身必备的厚款羊绒衫 质量保证支持退换', 0, '2014-11-03 20:18:00', 4),
(40, '韩版黑色打底衫加厚修身羊毛衫女装羊绒衫', 387, 186, 200, 'products/1/cs40010.png', '本产品 不起球 不掉色 不缩水 是一款贴身必备的厚款羊绒衫 质量保证支持退换', 0, '2014-11-03 20:18:00', 4),
(41, '韩版黑色打底衫加厚修身羊毛衫女装羊绒衫', 387, 186, 200, 'products/1/cs40011.png', '本产品 不起球 不掉色 不缩水 是一款贴身必备的厚款羊绒衫 质量保证支持退换', 1, '2014-11-03 20:18:00', 4),
(42, '冬装外套棉衣立领修身商务大码男装潮牌上衣', 899, 358, 200, 'products/1/cs50001.png', '【型男卖点简介】该款凭借其独特的设计、精选的面料和一致的时尚理念，以质感都市，充满时尚感的设计风格， 简约毛呢大衣，修身不变形，不起球，国际大牌一样的面料！面料成分：77.8%聚酯纤维+22.2%粘纤 秋冬简约修身防静电呢风衣外套', 1, '2014-11-03 20:18:00', 5),
(43, '冬装外套棉衣立领修身商务大码男装潮牌上衣', 899, 358, 200, 'products/1/cs50002.png', '【型男卖点简介】该款凭借其独特的设计、精选的面料和一致的时尚理念，以质感都市，充满时尚感的设计风格， 简约毛呢大衣，修身不变形，不起球，国际大牌一样的面料！面料成分：77.8%聚酯纤维+22.2%粘纤 秋冬简约修身防静电呢风衣外套', 0, '2014-11-03 20:18:00', 5),
(44, '冬装外套棉衣立领修身商务大码男装潮牌上衣', 899, 358, 200, 'products/1/cs50003.png', '【型男卖点简介】该款凭借其独特的设计、精选的面料和一致的时尚理念，以质感都市，充满时尚感的设计风格， 简约毛呢大衣，修身不变形，不起球，国际大牌一样的面料！面料成分：77.8%聚酯纤维+22.2%粘纤 秋冬简约修身防静电呢风衣外套', 1, '2014-11-03 20:18:00', 5),
(45, '????????????????????', 899, 358, 199, 'products/1/cs50004.png', '?????????????????????????????????????????????????? ????????????????????????????????77.8%????+22.2%?? ??????????????', 0, '2014-12-07 20:18:00', 5),
(46, '冬装外套棉衣立领修身商务大码男装潮牌上衣', 899, 358, 200, 'products/1/cs50005.png', '【型男卖点简介】该款凭借其独特的设计、精选的面料和一致的时尚理念，以质感都市，充满时尚感的设计风格， 简约毛呢大衣，修身不变形，不起球，国际大牌一样的面料！面料成分：77.8%聚酯纤维+22.2%粘纤 秋冬简约修身防静电呢风衣外套', 0, '2014-11-03 20:18:00', 5),
(47, '冬装外套棉衣立领修身商务大码男装潮牌上衣', 899, 358, 200, 'products/1/cs50006.png', '【型男卖点简介】该款凭借其独特的设计、精选的面料和一致的时尚理念，以质感都市，充满时尚感的设计风格， 简约毛呢大衣，修身不变形，不起球，国际大牌一样的面料！面料成分：77.8%聚酯纤维+22.2%粘纤 秋冬简约修身防静电呢风衣外套', 1, '2014-11-03 20:18:00', 5),
(48, '冬装外套棉衣立领修身商务大码男装潮牌上衣', 899, 358, 200, 'products/1/cs50007.png', '【型男卖点简介】该款凭借其独特的设计、精选的面料和一致的时尚理念，以质感都市，充满时尚感的设计风格， 简约毛呢大衣，修身不变形，不起球，国际大牌一样的面料！面料成分：77.8%聚酯纤维+22.2%粘纤 秋冬简约修身防静电呢风衣外套', 0, '2014-11-03 20:18:00', 5),
(49, '冬装外套棉衣立领修身商务大码男装潮牌上衣', 899, 358, 200, 'products/1/cs50008.png', '【型男卖点简介】该款凭借其独特的设计、精选的面料和一致的时尚理念，以质感都市，充满时尚感的设计风格， 简约毛呢大衣，修身不变形，不起球，国际大牌一样的面料！面料成分：77.8%聚酯纤维+22.2%粘纤 秋冬简约修身防静电呢风衣外套', 0, '2014-11-03 20:18:00', 5),
(50, '冬装外套棉衣立领修身商务大码男装潮牌上衣', 899, 358, 200, 'products/1/cs50009.png', '【型男卖点简介】该款凭借其独特的设计、精选的面料和一致的时尚理念，以质感都市，充满时尚感的设计风格， 简约毛呢大衣，修身不变形，不起球，国际大牌一样的面料！面料成分：77.8%聚酯纤维+22.2%粘纤 秋冬简约修身防静电呢风衣外套', 0, '2014-11-03 20:18:00', 5),
(51, '冬装外套棉衣立领修身商务大码男装潮牌上衣', 899, 358, 194, 'products/1/cs50010.png', '【型男卖点简介】该款凭借其独特的设计、精选的面料和一致的时尚理念，以质感都市，充满时尚感的设计风格， 简约毛呢大衣，修身不变形，不起球，国际大牌一样的面料！面料成分：77.8%聚酯纤维+22.2%粘纤 秋冬简约修身防静电呢风衣外套', 1, '2014-12-07 20:18:00', 5),
(52, '商务修身羊毛呢子风衣 中长款呢大衣外套', 997, 299, 200, 'products/1/cs60001.png', '冬装新品首发！大牌做工，顶级羊毛呢面料，穿着舒适保暖，冬季潮男必备品！新品预售价299元，预计涨到398！不要拿市场上那些低劣的毛呢大衣相比较，一分价钱一分货哦！买到就是赚到，支持7天无理由退换货，尺码不对，可享受免费换货！', 0, '2014-11-03 20:18:00', 6),
(53, '商务修身羊毛呢子风衣 中长款呢大衣外套', 997, 299, 200, 'products/1/cs60002.png', '冬装新品首发！大牌做工，顶级羊毛呢面料，穿着舒适保暖，冬季潮男必备品！新品预售价299元，预计涨到398！不要拿市场上那些低劣的毛呢大衣相比较，一分价钱一分货哦！买到就是赚到，支持7天无理由退换货，尺码不对，可享受免费换货！', 1, '2014-11-03 20:18:00', 6),
(54, '商务修身羊毛呢子风衣 中长款呢大衣外套', 997, 299, 200, 'products/1/cs60003.png', '冬装新品首发！大牌做工，顶级羊毛呢面料，穿着舒适保暖，冬季潮男必备品！新品预售价299元，预计涨到398！不要拿市场上那些低劣的毛呢大衣相比较，一分价钱一分货哦！买到就是赚到，支持7天无理由退换货，尺码不对，可享受免费换货！', 0, '2014-11-03 20:18:00', 6),
(55, '商务修身羊毛呢子风衣 中长款呢大衣外套', 997, 299, 200, 'products/1/cs60004.png', '冬装新品首发！大牌做工，顶级羊毛呢面料，穿着舒适保暖，冬季潮男必备品！新品预售价299元，预计涨到398！不要拿市场上那些低劣的毛呢大衣相比较，一分价钱一分货哦！买到就是赚到，支持7天无理由退换货，尺码不对，可享受免费换货！', 0, '2014-11-03 20:18:00', 6),
(56, '?????????? ????????', 997, 299, 199, 'products/1/cs60005.png', '????????????????????????????????????????299??????398??????????????????????????????????????7?????????????????????', 0, '2014-11-03 20:18:00', 6),
(57, '?????????? ????????', 997, 299, 197, 'products/1/cs60006.png', '????????????????????????????????????????299??????398??????????????????????????????????????7?????????????????????', 1, '2014-12-07 22:18:00', 6),
(58, '商务修身羊毛呢子风衣 中长款呢大衣外套', 997, 299, 200, 'products/1/cs60007.png', '冬装新品首发！大牌做工，顶级羊毛呢面料，穿着舒适保暖，冬季潮男必备品！新品预售价299元，预计涨到398！不要拿市场上那些低劣的毛呢大衣相比较，一分价钱一分货哦！买到就是赚到，支持7天无理由退换货，尺码不对，可享受免费换货！', 0, '2014-11-03 20:18:00', 6),
(59, '商务修身羊毛呢子风衣 中长款呢大衣外套', 997, 299, 200, 'products/1/cs60008.png', '冬装新品首发！大牌做工，顶级羊毛呢面料，穿着舒适保暖，冬季潮男必备品！新品预售价299元，预计涨到398！不要拿市场上那些低劣的毛呢大衣相比较，一分价钱一分货哦！买到就是赚到，支持7天无理由退换货，尺码不对，可享受免费换货！', 0, '2014-11-03 20:18:00', 6),
(60, '商务修身羊毛呢子风衣 中长款呢大衣外套', 997, 299, 200, 'products/1/cs60009.png', '冬装新品首发！大牌做工，顶级羊毛呢面料，穿着舒适保暖，冬季潮男必备品！新品预售价299元，预计涨到398！不要拿市场上那些低劣的毛呢大衣相比较，一分价钱一分货哦！买到就是赚到，支持7天无理由退换货，尺码不对，可享受免费换货！', 1, '2014-12-02 20:18:00', 6),
(61, '商务修身羊毛呢子风衣 中长款呢大衣外套', 997, 299, 200, 'products/1/cs60010.png', '冬装新品首发！大牌做工，顶级羊毛呢面料，穿着舒适保暖，冬季潮男必备品！新品预售价299元，预计涨到398！不要拿市场上那些低劣的毛呢大衣相比较，一分价钱一分货哦！买到就是赚到，支持7天无理由退换货，尺码不对，可享受免费换货！', 0, '2014-11-03 20:18:00', 6),
(62, '韩版修身羽绒服加厚保暖可脱卸帽', 198, 83, 200, 'products/1/cs70001.png', '羽绒棉服，保暖性比普通棉服高出3倍，价格合适，比羽绒服便宜3倍，超高性价比～～现亏本冲业绩，活动过后涨价为198元哦，亲们速抢～～！！', 1, '2014-11-03 20:18:00', 7),
(63, '韩版修身羽绒服加厚保暖可脱卸帽', 198, 83, 200, 'products/1/cs70002.png', '羽绒棉服，保暖性比普通棉服高出3倍，价格合适，比羽绒服便宜3倍，超高性价比～～现亏本冲业绩，活动过后涨价为198元哦，亲们速抢～～！！', 1, '2014-11-03 20:18:00', 7),
(64, '韩版修身羽绒服加厚保暖可脱卸帽', 198, 83, 200, 'products/1/cs70003.png', '羽绒棉服，保暖性比普通棉服高出3倍，价格合适，比羽绒服便宜3倍，超高性价比～～现亏本冲业绩，活动过后涨价为198元哦，亲们速抢～～！！', 0, '2014-11-03 20:18:00', 7),
(65, '韩版修身羽绒服加厚保暖可脱卸帽', 198, 83, 200, 'products/1/cs70004.png', '羽绒棉服，保暖性比普通棉服高出3倍，价格合适，比羽绒服便宜3倍，超高性价比～～现亏本冲业绩，活动过后涨价为198元哦，亲们速抢～～！！', 1, '2014-11-03 20:18:00', 7),
(66, '韩版修身羽绒服加厚保暖可脱卸帽', 198, 83, 200, 'products/1/cs70005.png', '羽绒棉服，保暖性比普通棉服高出3倍，价格合适，比羽绒服便宜3倍，超高性价比～～现亏本冲业绩，活动过后涨价为198元哦，亲们速抢～～！！', 0, '2014-11-03 20:18:00', 7),
(67, '韩版修身羽绒服加厚保暖可脱卸帽', 198, 83, 200, 'products/1/cs70006.png', '羽绒棉服，保暖性比普通棉服高出3倍，价格合适，比羽绒服便宜3倍，超高性价比～～现亏本冲业绩，活动过后涨价为198元哦，亲们速抢～～！！', 1, '2014-11-03 20:18:00', 7),
(68, '韩版修身羽绒服加厚保暖可脱卸帽', 198, 83, 200, 'products/1/cs70007.png', '羽绒棉服，保暖性比普通棉服高出3倍，价格合适，比羽绒服便宜3倍，超高性价比～～现亏本冲业绩，活动过后涨价为198元哦，亲们速抢～～！！', 1, '2014-12-04 20:18:00', 7),
(69, '韩版修身羽绒服加厚保暖可脱卸帽', 198, 83, 200, 'products/1/cs70008.png', '羽绒棉服，保暖性比普通棉服高出3倍，价格合适，比羽绒服便宜3倍，超高性价比～～现亏本冲业绩，活动过后涨价为198元哦，亲们速抢～～！！', 1, '2014-11-03 20:18:00', 7),
(70, '韩版修身羽绒服加厚保暖可脱卸帽', 198, 83, 200, 'products/1/cs70009.png', '羽绒棉服，保暖性比普通棉服高出3倍，价格合适，比羽绒服便宜3倍，超高性价比～～现亏本冲业绩，活动过后涨价为198元哦，亲们速抢～～！！', 0, '2014-11-03 20:18:00', 7),
(71, '韩版修身羽绒服加厚保暖可脱卸帽', 198, 83, 200, 'products/1/cs70010.png', '羽绒棉服，保暖性比普通棉服高出3倍，价格合适，比羽绒服便宜3倍，超高性价比～～现亏本冲业绩，活动过后涨价为198元哦，亲们速抢～～！！', 1, '2014-11-03 20:18:00', 7),
(72, '新款夏凉鞋平底舒适夹趾百搭女鞋子平跟薄底潮', 345, 200, 200, 'products/2/100101.png', '该商品参与了公益宝贝计划，卖家承诺每笔成交将为爱心包裹贫困儿童关爱行动捐赠0.1元。该商品已累积捐赠3900笔。', 0, '2015-08-06 15:02:08', 10),
(81, '韩版女靴', 555, 343, 191, 'products/2/100102.png', '韩版女靴', 1, '2015-08-06 15:02:08', 10),
(82, '女鞋镂空网状水晶鱼嘴凉鞋厚底坡跟高跟凉拖', 5345, 34, 200, 'products/2/100103.png', '品牌：Kapsen/卡普森鞋底材质：橡胶开口深度：浅口鞋头款式：圆头跟底款式：坡跟闭合方式：系带鞋制作工艺：胶粘鞋款式：松糕鞋', 1, '2014-08-12 15:10:17', 10),
(83, '女鞋春款厚底鞋拼色双拉链休闲鞋韩版坡跟球鞋女', 345, 123, 200, 'products/2/100104.png', '现商场专柜特价促销！专柜正品代购，支持验货，百分百正品，本店全部专柜实物拍摄，可能有些图片会有光线色差的效果！但是亲可以放心，鞋子百分之百是专柜货，专柜原包装盒，零风0购物，品质保证，售后保障。本店支持无理由退货！', 1, '2013-08-05 15:11:21', 10),
(84, '真皮厚底乐福鞋一脚蹬懒人鞋韩版松糕鞋女鞋单鞋潮', 324, 134, 200, 'products/2/100105.png', '现商场专柜特价促销！专柜正品代购，支持验货，百分百正品，本店全部专柜实物拍摄，可能有些图片会有光线色差的效果！但是亲可以放心，鞋子百分之百是专柜货，专柜原包装盒，零风0购物，品质保证，售后保障。本店支持无理由退货！', 0, '2011-07-15 15:12:40', 10),
(85, '新款夏凉鞋平底舒适夹趾百搭女鞋子平跟薄底潮', 345, 200, 200, 'products/2/10001.png', '该商品参与了公益宝贝计划，卖家承诺每笔成交将为爱心包裹贫困儿童关爱行动捐赠0.1元。该商品已累积捐赠3900笔。', 0, '2012-08-06 15:02:08', 9),
(86, '女鞋蝴蝶结真皮单鞋一脚蹬懒人鞋', 555, 343, 200, 'products/2/10002.png', '品牌：Kapsen/卡普森鞋底材质：橡胶开口深度：浅口鞋头款式：圆头跟底款式：坡跟闭合方式：系带鞋制作工艺：胶粘鞋款式：松糕鞋', 0, '2013-08-06 15:02:08', 9),
(87, '女鞋镂空网状水晶鱼嘴凉鞋厚底坡跟高跟凉拖', 5345, 34, 200, 'products/2/10003.png', '品牌：Kapsen/卡普森鞋底材质：橡胶开口深度：浅口鞋头款式：圆头跟底款式：坡跟闭合方式：系带鞋制作工艺：胶粘鞋款式：松糕鞋', 1, '2013-08-12 15:10:17', 9),
(88, '女鞋春款厚底鞋拼色双拉链休闲鞋韩版坡跟球鞋女', 345, 123, 200, 'products/2/10004.png', '现商场专柜特价促销！专柜正品代购，支持验货，百分百正品，本店全部专柜实物拍摄，可能有些图片会有光线色差的效果！但是亲可以放心，鞋子百分之百是专柜货，专柜原包装盒，零风0购物，品质保证，售后保障。本店支持无理由退货！', 1, '2014-08-05 15:11:21', 9),
(89, '真皮厚底乐福鞋一脚蹬懒人鞋韩版松糕鞋女鞋单鞋潮', 324, 134, 200, 'products/2/10005.png', '现商场专柜特价促销！专柜正品代购，支持验货，百分百正品，本店全部专柜实物拍摄，可能有些图片会有光线色差的效果！但是亲可以放心，鞋子百分之百是专柜货，专柜原包装盒，零风0购物，品质保证，售后保障。本店支持无理由退货！', 0, '2013-07-15 15:12:40', 9),
(90, '真实的世界眼镜', 456, 366, 200, 'products/2/10006.png', '现商场专柜特价促销！专柜正品代购，支持验货，百分百正品，本店全部专柜实物拍摄，可能有些图片会有光线色差的效果！但是亲可以放心，鞋子百分之百是专柜货，专柜原包装盒，零风0购物，品质保证，售后保障。本店支持无理由退货！', 0, '2015-10-20 22:11:28', 23),
(91, '阳光眼镜', 1234, 366, 200, 'products/2/10007.png', '现商场专柜特价促销！专柜正品代购，支持验货，百分百正品，本店全部专柜实物拍摄，可能有些图片会有光线色差的效果！但是亲可以放心，鞋子百分之百是专柜货，专柜原包装盒，零风0购物，品质保证，售后保障。本店支持无理由退货！', 0, '2013-07-15 15:12:40', 23),
(92, '新华眼镜', 345, 189, 200, 'products/2/10008.png', '现商场专柜特价促销！专柜正品代购，支持验货，百分百正品，本店全部专柜实物拍摄，可能有些图片会有光线色差的效果！但是亲可以放心，鞋子百分之百是专柜货，专柜原包装盒，零风0购物，品质保证，售后保障。本店支持无理由退货！', 0, '2013-07-15 15:12:40', 23),
(93, '佳能眼镜', 454, 124, 200, 'products/2/10009.png', '现商场专柜特价促销！专柜正品代购，支持验货，百分百正品，本店全部专柜实物拍摄，可能有些图片会有光线色差的效果！但是亲可以放心，鞋子百分之百是专柜货，专柜原包装盒，零风0购物，品质保证，售后保障。本店支持无理由退货！', 0, '2013-07-15 15:12:40', 23),
(94, 'wM3Bpsq/ytax7aOstL/K1rmk1sbU7A==', 19990, 18000, 198, 'products/2/10011.png', '???????????????????????????????????????????????????????????????????????????????????0???????????????????????', 1, '2015-10-28 22:17:36', 22),
(95, '劳力士手表，纯手工制造', 19990, 18000, 200, 'products/2/10012.png', '现商场专柜特价促销！专柜正品代购，支持验货，百分百正品，本店全部专柜实物拍摄，可能有些图片会有光线色差的效果！但是亲可以放心，鞋子百分之百是专柜货，专柜原包装盒，零风0购物，品质保证，售后保障。本店支持无理由退货！', 0, '2013-07-15 15:12:40', 22),
(96, '劳力士手表，纯手工制造', 19990, 18000, 200, 'products/2/10013.png', '现商场专柜特价促销！专柜正品代购，支持验货，百分百正品，本店全部专柜实物拍摄，可能有些图片会有光线色差的效果！但是亲可以放心，鞋子百分之百是专柜货，专柜原包装盒，零风0购物，品质保证，售后保障。本店支持无理由退货！', 0, '2013-07-15 15:12:40', 22),
(97, '劳力士手表，纯手工制造', 19990, 18000, 200, 'products/2/10014.png', '现商场专柜特价促销！专柜正品代购，支持验货，百分百正品，本店全部专柜实物拍摄，可能有些图片会有光线色差的效果！但是亲可以放心，鞋子百分之百是专柜货，专柜原包装盒，零风0购物，品质保证，售后保障。本店支持无理由退货！', 0, '2013-07-15 15:12:40', 22),
(98, '???????????????', 198, 83, 200, 'products/1/cs70007.png', '???????????????3?????????????3???????????????????????198???????????', 1, '2014-12-04 20:18:00', 7),
(99, '???????????????', 198, 83, 198, 'products/1/cs70007.png', '???????????????3?????????????3???????????????????????198???????????', 1, '2014-12-04 20:18:00', 7),
(100, '???????????????', 198, 83, 199, 'products/1/cs70007.png', '???????????????3?????????????3???????????????????????198???????????', 1, '2014-12-04 20:18:00', 7),
(101, '???????????????', 198, 83, 199, 'products/1/cs70007.png', '???????????????3?????????????3???????????????????????198???????????', 1, '2014-12-04 20:18:00', 7),
(102, '???????????????', 198, 83, 199, 'products/1/cs70007.png', '???????????????3?????????????3???????????????????????198???????????', 1, '2014-12-04 20:18:00', 7),
(103, '?????????? ????????', 997, 299, 199, 'products/1/cs60006.png', '????????????????????????????????????????299??????398??????????????????????????????????????7?????????????????????', 1, '2014-12-07 22:18:00', 6),
(104, '???????????????', 555, 343, 198, 'products/2/100102.png', '???Kapsen/?????????????????????????????????????????????????????', 1, '2015-08-06 15:02:08', 10),
(105, '???????????????', 198, 83, 199, 'products/1/cs70007.png', '???????????????3?????????????3???????????????????????198???????????', 1, '2014-12-04 20:18:00', 7),
(106, '???????????????', 555, 343, 188, 'products/2/100102.png', '???Kapsen/?????????????????????????????????????????????????????', 1, '2015-08-06 15:02:08', 10);

-- --------------------------------------------------------

--
-- 添加数据 'ticket'
--

INSERT INTO 'ticket' ('tid', 'privilege', 'consume', 'useTime', 'cid', 'pacid') VALUES
(1, 20, 199, '2016-12-27 00:00:00', 2, 1),
(2, 20, 1000, '2016-12-27 00:00:00', 1, 1);